Id,StoredId,orderAt,UserId
ffb0e4fd0a,2bd8c7aba5,2023-01-17T09:33:07.649Z,b074d6440c
4c13835ca9,0dc8558d4e,2023-11-27T13:47:27.802Z,f1d2ca5f93
f7eaa7fb45,e7a7ec96c5,2023-04-17T06:02:18.100Z,63ad76ce96
bad1f5c53b,044f74822b,2023-08-17T11:39:18.931Z,201e72c97b
2fecceb7ff,cdaef59082,2023-11-14T06:14:05.535Z,e50afc9552
627560180e,cdaef59082,2023-02-26T00:32:40.407Z,1ef9482152
dbff90a978,cdaef59082,2023-09-08T11:06:50.906Z,4c37c67a0c
03465023d0,eb5d12ab52,2023-08-20T09:53:17.231Z,c2254ba3b0
232c499adb,eb5d12ab52,2023-04-18T04:16:29.427Z,f22826e5b2
ca7d89e22c,eb5d12ab52,2023-12-12T12:24:28.644Z,58eac1e171
0dd1bfcf6d,2bd8c7aba5,2023-06-04T17:16:48.965Z,c422eb863c
7b3654e2c6,0e0c141f3e,2023-10-12T00:04:32.979Z,93b241b0c3
036c8b9c2c,0dc8558d4e,2023-02-13T08:40:42.886Z,2787ed492e
479f03374a,0dc8558d4e,2023-02-14T16:29:11.859Z,47b804256a
c34f8cd643,0e0c141f3e,2023-03-07T00:55:25.718Z,8dc77cdf20
ebbe7cc5ac,2bd8c7aba5,2023-09-17T13:31:21.221Z,9be88d636f
9b32abee95,2bd8c7aba5,2023-05-14T03:55:41.975Z,c2254ba3b0
2df48e2a1d,2bd8c7aba5,2023-11-24T01:58:31.614Z,2039d80f4a
878c0e3cf7,e7a7ec96c5,2023-02-05T00:01:11.682Z,b2499faec4
e0137ae5f5,eb5d12ab52,2023-03-24T11:53:12.763Z,93c3096341
1d7dcea0d8,0dc8558d4e,2023-03-14T09:26:07.833Z,5e61d3371a
ef97ad9684,0dc8558d4e,2023-07-30T17:27:12.822Z,88ee247569
493c7a97e4,044f74822b,2023-06-20T21:16:22.985Z,3faaed085f
44b68916a1,6f80c60267,2023-02-08T06:11:36.352Z,82fe0c9188
f91c671730,eb5d12ab52,2023-01-19T04:27:08.770Z,2685a3a046
3a1e1cc038,0e0c141f3e,2023-08-29T09:16:50.277Z,dc9dd0e36d
967c75d0ca,0dc8558d4e,2023-08-12T22:55:52.527Z,d02f45885f
a64995d322,6f80c60267,2023-11-11T16:16:08.553Z,bce745bd15
5f3fa93d8d,eb5d12ab52,2023-12-11T18:17:00.230Z,0d5d113c26
0e9d088569,0dc8558d4e,2023-11-21T11:25:33.660Z,abd6c6d9c1
f3ace73aea,eb5d12ab52,2023-01-24T15:37:17.746Z,4552b7b45c
8ceb18f8ab,eb5d12ab52,2023-09-26T22:52:23.586Z,6163beec28
d79418bdfc,0dc8558d4e,2023-08-14T01:41:12.273Z,cdd13f4b18
8c483a8fa0,e7a7ec96c5,2023-07-26T12:34:52.299Z,e23397ee20
a096689065,e7a7ec96c5,2023-07-28T08:43:14.980Z,dc9dd0e36d
2ea1d17d5b,044f74822b,2023-01-05T07:46:28.862Z,50818ab794
c604cffeb5,0dc8558d4e,2023-01-13T12:19:48.380Z,fb417e3ff1
209cb50212,cdaef59082,2023-02-21T16:19:09.301Z,69d4631ba6
1f7fb77d0b,2bd8c7aba5,2023-03-15T06:54:29.917Z,68ec72ceea
d8379ac532,2bd8c7aba5,2023-09-22T05:44:36.771Z,fe7b9e895b
4412866496,2bd8c7aba5,2023-07-24T22:42:23.223Z,231bf41f5b
24e9a2fe04,2bd8c7aba5,2023-03-14T12:58:24.306Z,d3876176c2
252fc9a608,eb5d12ab52,2023-05-10T05:32:29.335Z,f388ce803f
61c8f2a6fc,2bd8c7aba5,2023-01-28T20:30:51.966Z,71a840d0a6
cf5892a335,e7a7ec96c5,2023-07-19T07:05:19.136Z,81fb84b8c7
4911e51313,eb5d12ab52,2023-11-08T11:21:46.084Z,c7883eff4a
c295f94b40,044f74822b,2023-01-02T20:08:51.128Z,4552b7b45c
57de5c9a8b,0dc8558d4e,2023-02-22T18:12:36.710Z,27093d5e4a
6fc964b9eb,044f74822b,2023-10-17T10:50:53.747Z,8e025eb562
cafeec10ac,eb5d12ab52,2023-12-14T13:01:30.219Z,4552b7b45c
c43a6ba50b,0dc8558d4e,2023-07-29T18:20:32.469Z,47ca5b312d
f18d36369e,eb5d12ab52,2023-03-10T20:58:21.274Z,e9458cd10d
7e73cac130,eb5d12ab52,2023-09-19T22:21:28.190Z,4b6dc30ad0
59174c240d,044f74822b,2023-03-22T21:09:15.514Z,565bd46dba
8762bacf4e,cdaef59082,2023-02-18T09:26:49.176Z,734e6aea25
97d91d19b5,0dc8558d4e,2023-01-02T20:01:38.322Z,4f5555cc9f
9503b53ea5,0e0c141f3e,2023-04-13T16:54:47.367Z,3310c7d249
34f332fe0b,eb5d12ab52,2023-10-20T07:07:19.733Z,f754361565
8a0be4aecc,044f74822b,2023-09-26T17:31:48.757Z,b7dc5a0fd4
8b17be501c,e7a7ec96c5,2023-09-26T18:36:40.669Z,40c1bd47f8
b1be8af5f6,cdaef59082,2023-05-26T07:35:01.974Z,3ccb8e077e
ed6cc92d40,eb5d12ab52,2023-03-16T06:49:50.738Z,20d4f9683f
0fbcaa9c64,0dc8558d4e,2023-06-26T03:25:49.760Z,f1d2ca5f93
3f89f8f3e0,2bd8c7aba5,2023-11-20T17:12:51.223Z,edaa9d1a80
f499385e5a,e7a7ec96c5,2023-02-03T13:18:27.094Z,4b6dc30ad0
2ba65a6ce0,cdaef59082,2023-01-16T04:04:11.784Z,5167c1bb8b
44aa678477,eb5d12ab52,2023-06-04T06:45:50.032Z,7b6e0d32ca
4b554e5be0,6f80c60267,2023-11-11T05:53:02.773Z,63ad76ce96
11526ff87a,e7a7ec96c5,2023-11-19T12:12:12.285Z,611e5aaa81
903a7517b9,cdaef59082,2023-03-16T10:41:17.500Z,3faaed085f
5a85442f6d,eb5d12ab52,2023-12-20T05:02:25.185Z,7546acdb98
51280fcf70,e7a7ec96c5,2023-08-23T08:53:40.392Z,63704ccc83
a5fce36fa7,6f80c60267,2023-04-18T11:18:28.416Z,e4ce4b4bf6
baa8566baa,6f80c60267,2023-09-02T23:40:52.263Z,696a9a27ee
a7f1e7c13f,cdaef59082,2023-10-19T13:33:16.941Z,549ee1bfdd
a5ddd555e9,044f74822b,2023-07-09T05:35:32.926Z,c2254ba3b0
cbe1faea73,eb5d12ab52,2023-05-11T05:28:19.739Z,527331b588
bd7b59065b,cdaef59082,2023-12-09T03:49:37.274Z,f6258161d4
8e2dbf1e7f,eb5d12ab52,2023-10-11T12:56:13.489Z,2598349494
bccc6f1ea5,e7a7ec96c5,2023-03-31T07:19:02.876Z,44517181f9
5bcc6e159b,eb5d12ab52,2023-09-13T04:24:19.987Z,55212705b6
31a8e8a001,eb5d12ab52,2023-11-27T21:36:16.102Z,ad5894be8c
e1f6cb8202,0dc8558d4e,2023-09-14T22:25:50.289Z,ec9a765809
1408e760aa,0dc8558d4e,2023-04-20T22:48:45.320Z,c33c8d1980
2541f88c06,eb5d12ab52,2023-10-18T14:23:26.577Z,3ee0cf5824
0fc989bf67,044f74822b,2023-06-20T05:24:29.750Z,790dfce735
46eb5495a5,0dc8558d4e,2023-09-19T07:50:40.497Z,7e5632ce59
852cfb84d1,eb5d12ab52,2023-10-22T04:45:50.096Z,5726f77fd3
898a9b8952,2bd8c7aba5,2023-06-26T12:41:48.917Z,1de19793ac
66d4a59f3e,2bd8c7aba5,2023-04-02T17:16:33.924Z,dd1ce9a011
8565786657,eb5d12ab52,2023-03-01T09:08:22.400Z,8ecf8b2889
a2d89fefab,eb5d12ab52,2023-11-08T17:25:54.346Z,8c4311e734
39be51e77a,cdaef59082,2023-02-09T13:55:27.084Z,cc9dd84fe4
fa357bb33b,0e0c141f3e,2023-06-04T08:33:01.567Z,f8cbff5324
86fe3ea0ee,cdaef59082,2023-07-09T08:14:08.538Z,565bd46dba
6ef5f91c04,eb5d12ab52,2023-10-27T16:34:24.876Z,003c6bb237
9d6b03c87a,eb5d12ab52,2023-09-04T16:00:45.980Z,fcb402647a
c873f8c3c8,0dc8558d4e,2023-06-18T18:05:34.356Z,dc9dd0e36d
7beba96ef0,6f80c60267,2023-10-21T06:55:00.575Z,8dcc3610a1
c1c2596e1a,6f80c60267,2023-02-09T03:04:44.757Z,6a99d42a86